Trial Number,Number of Parameters,PSNR (dB)
0,884592,27.665040588378908
1,1043548,28.055408477783203
2,1619936,28.076493072509766
3,485596,29.84953155517578
4,1338450,30.534525680541993
5,2055918,28.18730812072754
6,732952,27.879175186157227
7,497032,27.950332260131837
9,602036,29.32700309753418
11,941842,30.037577438354493
12,941842,30.30857734680176
15,1131326,30.317180252075197
20,933036,30.43386116027832
23,933036,30.353922653198243
24,933036,30.37254409790039
26,2190456,30.13906059265137
29,1371564,30.50540199279785
34,1623048,30.643726348876953
35,1602440,30.358329391479494
38,1805618,30.526016998291016
44,1131326,30.399542999267577
